url,title,h1
https://flakes.in.ua/index.php?route=information/information/agree&information_id=5,,Контролер (володілець) даних
https://flakes.in.ua/,"Flakes — суперфуд з білком, вітамінами та сирно-горіховим смаком | Офіційний магазин",Flakes — суперфуд для різноманіття смаку!
https://flakes.in.ua/shop/flakes-z-seredzemnomorsykimi-travami-50-g,Flakes з середземноморськими травами купити — дріжджові пластівці 50 г | Офіційний магазин Flakes,Flakes з середземноморськими травами — дріжджові пластівці 50 г
https://flakes.in.ua/shop,Купити харчові дріжджі Flakes — Каталог продукції | Flakes,Каталог харчових дріжджів Flakes
https://flakes.in.ua/contact,Контакти,Контакти
https://flakes.in.ua/shop/flakes-z-spirulinoyu-250-g,Flakes зі спіруліною купити — дріжджові пластівці 250 г | Офіційний магазин Flakes,Flakes зі спіруліною — дріжджові пластівці 250 г
https://flakes.in.ua/privacy-policies,Політики конфіденційності,Політики приватності
https://flakes.in.ua/blog/sho-take-flejki-i-chomu-varto-dodati-ih-do-snidanku,Що таке флейки і чому варто додати їх до свого сніданку?,Що таке флейки і чому варто додати їх до свого сніданку?
https://flakes.in.ua/shop/flakes-z-morkvoyu-80-g,Flakes з морквою купити — дріжджові пластівці 80 г | Офіційний магазин Flakes,Flakes з морквою — дріжджові пластівці 80 г
https://flakes.in.ua/blog,Блог,Блог
https://flakes.in.ua/cart,Кошик клієнта,Кошик клієнта
https://flakes.in.ua/shop/flakes-z-sirno-gorihovim-smakom-80-g,Flakes сирно-горіхові купити — дріжджові пластівці 80 г | Офіційний магазин Flakes,Flakes з сирно-горіховим смаком — дріжджові пластівці 80 г
https://flakes.in.ua/shop/flakes-z-spirulinoyu-80-g,Flakes зі спіруліною купити — дріжджові пластівці 80 г | Офіційний магазин Flakes,Flakes зі спіруліною — дріжджові пластівці 80 г
https://flakes.in.ua/shop/flakes-z-seredzemnomorsykimi-travami-80-g,Flakes з середземноморськими травами купити — дріжджові пластівці 80 г | Офіційний магазин Flakes,Flakes з середземноморськими травами — дріжджові пластівці 80 г
https://flakes.in.ua/forgot-password,Відновлення пароля,Відновлення пароля
https://flakes.in.ua/shop/flakes-z-sirno-gorihovim-smakom-50-g,Flakes сирно-горіхові купити — дріжджові пластівці 50 г | Офіційний магазин Flakes,Flakes з сирно-горіховим смаком — дріжджові пластівці 50 г
https://flakes.in.ua/shop/flakes-z-morkvoyu-250-g,Flakes з морквою купити — дріжджові пластівці 250 г | Офіційний магазин Flakes,Flakes з морквою — дріжджові пластівці 250 г
https://flakes.in.ua/recipes,Рецепти з Flakes,Рецепти з Flakes
https://flakes.in.ua/shop/flakes-z-spirulinoyu-50-g,Flakes зі спіруліною купити — дріжджові пластівці 50 г | Офіційний магазин Flakes,Flakes зі спіруліною — дріжджові пластівці 50 г
https://flakes.in.ua/cookies-policy,Політика файлів cookie,Політика файлів cookie
https://flakes.in.ua/shop/flakes-z-seredzemnomorsykimi-travami-250-g,Flakes з середземноморськими травами купити — дріжджові пластівці 250 г | Офіційний магазин Flakes,Flakes з середземноморськими травами — дріжджові пластівці 250 г
https://flakes.in.ua/collaboration,Співпраця з Flakes,Співпраця з Flakes
https://flakes.in.ua/blog/yak-uniknuti-pereidannya-i-vtrati-energii,Як уникнути переїдання і втрати енергії: додай білок до раціону (навіть якщо ти не спортсмен),Як уникнути переїдання і втрати енергії
https://flakes.in.ua/shop/flakes-z-sirno-gorihovim-smakom-250-g,Flakes з сирно-горіховим смаком купити — дріжджові пластівці 250 г | Офіційний магазин Flakes,Flakes з сирно-горіховим смаком — дріжджові пластівці 250 г
https://flakes.in.ua/login,увійти,увійти
https://flakes.in.ua/create-account,Реєстрація,Реєстрація
https://flakes.in.ua/shop/flakes-z-morkvoyu-50-g,Flakes з морквою купити — дріжджові пластівці 50 г | Офіційний магазин Flakes,Flakes з морквою — дріжджові пластівці 50 г
