keyword,type
неактивні дріжджі купити,Head
харчові дріжджі де купити,Head
кращі бренди неактивних дріжджів,Long-tail
неактивні дріжджі ціна,Head
де купити якісні неактивні дріжджі,Long-tail
неактивні дріжджі з вітаміном B12,Long-tail
форми випуску неактивних дріжджів,Long-tail
купити неактивні дріжджі Україна,Head
органічні харчові дріжджі,Long-tail
онлайн магазин неактивних дріжджів,Long-tail
веганські дріжджі купити,Long-tail
користь неактивних дріжджів,LSI
вітаміни групи B,LSI
джерело білка,LSI
неактивні дріжджі порошок,Long-tail
як вибрати харчові дріжджі,Long-tail
замінник сиру неактивні дріжджі,LSI
купити дріжджі без глютену,Long-tail
рецепти з неактивними дріжджами,LSI
магазини неактивних дріжджів Київ,Long-tail
